ID,#1,#2,#3,#4,#5,#6,#7,#8,#9,#10,#11,#12
Cortexolone,0.0860164197907891,0.0833742283122875,0.0818788265329244,0.0859337260674247,0.0828264567030746,0.0845933160425268,0.0811081960758408,0.0830839874245212,0.0787293152906727,0.0807418243628709,0.08582935856351,0.0858843448335574
N6-Acetyl-N6-hydroxy-L-lysine,0.0856576321256563,0.0843086264229304,0.0813092110865473,0.0848058222974499,0.0831478973223264,0.0830142908254315,0.0812765544741165,0.0847314737858432,0.0818835996677959,0.0823107305304045,0.0853913127086018,0.0821628487528964
Sucrose,0.0853527591528581,0.0866270474848584,0.0804291621360609,0.084333047738964,0.0865396184494195,0.083668160687119,0.0834227084271644,0.0845648598479864,0.0790378696276503,0.0821276835835481,0.0835702980186926,0.0803267848456785
Oxoglutaric acid,0.0839316994587706,0.0877739742367408,0.0818370725104531,0.0820568435734168,0.0855742455913279,0.0801571656032005,0.0853069877330128,0.0864879824762887,0.0824096737143564,0.084081540122526,0.0818493911434778,0.0785334238364285
N-Acetylornithine,0.0831889107718051,0.0863659074629672,0.0801820922218967,0.0827546321495592,0.0859976078028622,0.0821127412350739,0.0844083325071278,0.0853188777867761,0.0846508047155912,0.084933650788454,0.081818334236472,0.0782681083214148
2-Keto-glutaramic acid,0.0846712496371852,0.0852449812385892,0.0838650316644685,0.0822105050104798,0.083909604712232,0.0814526120304247,0.0840396353240111,0.0845810718676332,0.0816785627998552,0.0825354898449168,0.0839321292392302,0.0818791266309741
N2-Succinyl-L-ornithine,0.0844788079389305,0.086044343808944,0.0794772610817276,0.0826611262747002,0.0859740455115601,0.0830415183784,0.0836830542532756,0.0849417939153705,0.0807861135070434,0.0855513713217861,0.0839748630271789,0.0793857009810831
Retinol,0.082642833521634,0.0880840723074365,0.0806186219877822,0.0819884971062211,0.0876204026441803,0.0805378182615689,0.0879225453627682,0.0855753044803847,0.0823808644454015,0.0847719635857933,0.0805496746064291,0.0773074016904001
N-Acetylaspartylglutamate,0.083582514747922,0.0865659109163733,0.0827988347180619,0.0816491512338606,0.0842286128774212,0.079811326971608,0.085226606017549,0.086314113170789,0.0852990903227761,0.0845024801161749,0.0817354359066309,0.0782859230008331
Imidazol-5-yl-pyruvate,0.0845711519201384,0.0837499134861906,0.0848652198426211,0.0832133933760059,0.0829012982629073,0.0824544647873003,0.0834746230265929,0.0837635333144538,0.0817044286502835,0.0828094095387305,0.0842251647062298,0.0822673990885461
"(3S,5S)-3,5-Diaminohexanoate",0.0847249880195924,0.0833412924587871,0.0908874983394278,0.0814872284752175,0.0816950713685091,0.0799825398087654,0.0829185286165016,0.0837994885535603,0.0812855641731147,0.0821614306847702,0.0845123335624556,0.0832040359392984
Glycocholic acid,0.084419007373856,0.0834515648087834,0.0852514852780121,0.0823360511390497,0.0821473618285841,0.080147845560082,0.0823123670407515,0.0846677510719284,0.0833972398991941,0.0840210481773319,0.084305516599129,0.0835427612232977
Hydroquinone,0.084159892541502,0.0833087134214577,0.0856797771963347,0.0827013586940435,0.0821618484450539,0.0809516200447554,0.0822115738479789,0.0840877560284182,0.0839922214101676,0.0827627085404916,0.0840725865818395,0.083909943247957
Methyl jasmonate,0.0838930120430166,0.0834022083843834,0.086006984038222,0.0821628572215388,0.0821906951742047,0.0801712418241845,0.0828580177506604,0.0844784131553178,0.0845674038679816,0.0842732879769694,0.0835601753610754,0.0824357032024453
Ureidopropionic acid,0.0842146378519379,0.0837339729028688,0.0870985616107666,0.0820225719020792,0.0822459520887543,0.080397503324993,0.0828739797138618,0.0843522629225537,0.0838947716466,0.0827465333675407,0.0837988876688373,0.0826203649992067
3-Dehydroshikimate,0.0845227072569723,0.0841710145750721,0.087871832937647,0.0817426918809816,0.0826473223499665,0.0807168687447162,0.0838852496232489,0.0840319364733754,0.081755902024816,0.0821820671574241,0.0839831228453368,0.0824892841304431
"4,5-Dihydroorotic acid",0.0842488388046742,0.0830380856357097,0.0849619090795758,0.0831547260690566,0.0820163756829562,0.0807501296195841,0.0818993104046752,0.0842514117738515,0.0836499298627903,0.0836863920019554,0.0842104745565759,0.0841324165085951
4-Pyridoxic acid,0.0844137406821696,0.0839626971267197,0.0864743270590019,0.0820657741260625,0.0825637950110557,0.0807826753569541,0.0831116610481768,0.0842061452769536,0.0827326226937553,0.0824460952711991,0.0840844312470502,0.0831560351009016
Phosphonoacetate,0.0841067213603258,0.0832503716206515,0.0854335166929817,0.0827517590530433,0.0821845105537366,0.0811074644913336,0.082197802775667,0.083991197222911,0.0839576869514885,0.0827745167313567,0.0841093438251908,0.0841351087213135
Choline,0.0841834323006386,0.0835140696102556,0.0847059628656976,0.0827146258936436,0.0823559434683755,0.0807127112648283,0.0821939248593255,0.084477902120433,0.0842535732009965,0.083352242780728,0.0840059282429643,0.0835296833921135
Aminoadipic acid,0.084294907705449,0.0853631651530418,0.0869929478565022,0.0811961876744243,0.0831742085857655,0.0799037552898162,0.0854822641253909,0.0849951879686191,0.0825735181813669,0.0830151508718422,0.082976403345517,0.080032303242265
Hippuric acid,0.0841351153743432,0.0830195222550334,0.0874392127131368,0.0821196555144069,0.0819002336591048,0.0809209009766613,0.0826711932143251,0.0835801427957258,0.0828386831637042,0.0826744583461073,0.0843950341221344,0.0843058478653166
Antibiotic JI-20A,0.0842112313633547,0.0834219844184197,0.0896753116080203,0.0816590000569832,0.0818781465179741,0.0800566422341082,0.0830550325464305,0.0840491904534394,0.0829484629126074,0.0826841380440481,0.083834915695705,0.0825259441489092
Acetylphosphate,0.0841901839150337,0.0833826282760457,0.0859550511364018,0.0825879881939832,0.0821420728914827,0.0807524351451921,0.0822657675908378,0.0842081037297118,0.084117915538637,0.0828076912021222,0.0840066104504119,0.0835835519301402
Phenylpyruvic acid,0.0842159098470301,0.0843052898877556,0.0869113829077861,0.0822558118838427,0.0829139016387398,0.0808379087417446,0.0838146703330985,0.0843273982908337,0.0827665451712341,0.0825055199788453,0.0833279072749736,0.081817754044116
13-L-Hydroperoxylinoleic acid,0.0842302245148079,0.0831913455863346,0.0885545974093142,0.0820414577430621,0.081928020447642,0.0806412537873592,0.0827922316574802,0.0836989073473788,0.0824871859201369,0.0824311040980136,0.0841668245865583,0.083836846901912
"(R) 2,3-Dihydroxy-3-methylvalerate",0.0843272985869434,0.0831435226770421,0.089241511701603,0.0816817096618017,0.0817419046702022,0.0803688567624702,0.0827565400718702,0.0836819414646253,0.0823590493423586,0.0823899534728137,0.0844424280330858,0.0838652835551837
2-Oxoarginine,0.0843507396965099,0.0838169822560908,0.089367495239697,0.0810360699126804,0.0819841863122738,0.079877861986557,0.0835843400896466,0.0841900406975214,0.0829788745898936,0.0826656973359274,0.0841355157039309,0.0820121961792711
L-Tyrosine,0.0844577245972098,0.0829791643742665,0.0852219152640915,0.0844281850453771,0.0821971892162241,0.0821414755873006,0.0818158879523817,0.0835898484097296,0.0819461019242334,0.0821300932288204,0.0841750817376707,0.0849173326626945
Stachyose,0.0843580218289888,0.0830196108780122,0.0849721060086787,0.0845159955749325,0.0822757502433215,0.0820377834673138,0.0818156714922523,0.0837015776404794,0.0822030708493291,0.0823251235100114,0.084008358611401,0.0847669298952793
3-Methylthiopropionic acid,0.0844456718530086,0.0831809071365446,0.0860121262200179,0.0815457840267693,0.0818771927072227,0.0809024756230803,0.0828502238188109,0.0837258752232586,0.0830999255761316,0.0831941762559092,0.0854511415276772,0.0837145000315693
Thymidine,0.0843216855369467,0.0831488680872777,0.0871881572240878,0.0830437139691429,0.0821982552406484,0.0815386090819346,0.0826748967513717,0.0835264569610574,0.0818683028477083,0.0822549089532044,0.084082982521016,0.084153162825604
17a-Estradiol,0.0845533999047443,0.0831366441678008,0.0898588412420652,0.0818989723421574,0.0817158681541377,0.0804002999076755,0.0826734319574754,0.0836430077212859,0.0816418028947522,0.0821560940466508,0.0844766737195346,0.0838449639417202
Prostaglandin F2a,0.0844251041195412,0.0830748861301436,0.0855365849727565,0.0821479253300498,0.0821594174053035,0.0820562273377054,0.0828032774306722,0.0831791646179531,0.0816316362223547,0.0822759664508152,0.0853880417917468,0.0853217681909578
L-Lactic acid,0.0845006362152858,0.0834153097757129,0.0906744895506483,0.0817515629360375,0.0817781697517394,0.0798422203924148,0.0830025907839848,0.0841348130280929,0.0820344593078654,0.0826942515515856,0.0838921374793058,0.0822793592273268
4-Hydroxycinnamic acid,0.0841734472030263,0.0833995291005775,0.0868168938387719,0.0827991156634649,0.0823588051253364,0.0808010701127675,0.0831060208195671,0.0841024932033328,0.0826346883431731,0.0834775444626696,0.0836337221469688,0.0826966699803441
1-Naphthylamine,0.0844512647847534,0.0833046016320906,0.0907693023553193,0.0816791400020887,0.0817041582741284,0.080005165463843,0.0828603837528711,0.083920624693733,0.0821372500063195,0.0823784411063748,0.0840737380871081,0.0827159298413701
Phenylethylamine,0.0844296075545578,0.0830154917433054,0.084954968443202,0.084653778950623,0.0822541758160278,0.0820367006495352,0.0817385417467113,0.0837122304913495,0.082067635793218,0.0822487955931172,0.0840434448317377,0.0848446283866151
12-Keto-leukotriene B4,0.0842606177508089,0.0833897341992964,0.0896617435661085,0.0818961500048342,0.0819176805008832,0.0801271475439422,0.0829948341164287,0.0840366870592175,0.0825855094313739,0.08267583729525,0.0837807999196105,0.0826732586122462
L-2-Hydroxyglutaric acid,0.0836684649146321,0.0840989784679461,0.0862952264484726,0.0816122464592788,0.082596468379361,0.0796818876632981,0.0842093675296653,0.0849617199286774,0.0847464493023289,0.0849466680119049,0.0827219836494656,0.0804605392449692
Lipoxin A4,0.0838367936221365,0.0838899026668697,0.087560073469176,0.0816307883695406,0.0823836337167361,0.0800155330701328,0.0837478806346803,0.0844917067275756,0.0843709922836734,0.0835185150918219,0.0831610862952694,0.0813930940523876
N-Formyl-L-methionine,0.0840397048545456,0.0834095738475768,0.0887350544482303,0.0816144249468298,0.0819341150887366,0.0800251180354645,0.0831341470541019,0.0841424813433735,0.0836399441195923,0.0831456984149821,0.0837441276483511,0.0824356101982155
N-Acetylserotonin,0.0853921008205718,0.0851151520648761,0.0807586115385106,0.0855841122608345,0.0845835657662592,0.085502088313135,0.0823179239878313,0.0841551865195276,0.0801430005992102,0.0817950623293643,0.0841439070150144,0.0805092887848651
Pipecolic acid,0.0850049293486003,0.0842884855349181,0.080077653481201,0.0874788361045166,0.0841007282136992,0.0844765335684141,0.0813751373692167,0.0845075522937068,0.0807571368453655,0.0830911740414075,0.0840160138942781,0.0808258193046762
L-Arginine,0.0848017238444878,0.0829143963580276,0.0837257423669916,0.0859824457928429,0.0822359748894271,0.0824222044067419,0.0812018416182681,0.0837021368022499,0.0812080745025685,0.0820723983997484,0.0843649269902595,0.0853681340283867
D-Fructose,0.0846348833637218,0.0846704327220003,0.080797277012878,0.0933810691351511,0.0848872982318756,0.0849799809422705,0.0818567441669016,0.0836030731832958,0.078572883552896,0.0807376202857121,0.0820233022751069,0.0798554351281903
Taurocholic acid,0.0845031324451171,0.0840395141516994,0.0817164030740819,0.0882989033549695,0.0835073107556551,0.0823440413309308,0.0816149631029034,0.0849776559140761,0.0820350165492656,0.0833529842410544,0.0828344164346956,0.0807756586455513
Linoleic acid,0.0844366386030927,0.0854956629484728,0.0825348465013279,0.0878105978234161,0.0853102974240885,0.0830447368299698,0.0836735187718163,0.084512516236354,0.0798863403646879,0.0819230544133526,0.081815981940704,0.0795558081427174
Norepinephrine,0.0848949802264317,0.0831229214920704,0.0849490019872442,0.0856453275164108,0.0823716332246157,0.0823801579502033,0.0816115589089653,0.0835887089774018,0.0806615579311407,0.0815939990813107,0.0840904865037122,0.0850896662004933
Sphinganine,0.0846583572034753,0.0845434174234559,0.0804408693703237,0.0861184419051376,0.0841647599411097,0.0822728693371385,0.0819996662119074,0.0854137738952489,0.0815937625526022,0.0854226401858097,0.0833153295320855,0.0800561124417057
Pyroglutamic acid,0.0853677442114644,0.0832433030070234,0.0831915349478649,0.0883927756639969,0.0825968091120342,0.0829364592655909,0.0810958830084542,0.0837085775216932,0.0798397660186585,0.0813590007654208,0.0840539373100178,0.0842142091677809
Phenylacetaldehyde,0.0847085297315066,0.0834186994024567,0.0839026503520876,0.0860924959224662,0.082549324809746,0.0817643507301251,0.0815374211608676,0.0844710348959218,0.0823124379842249,0.0826927591854275,0.0836176837457118,0.0829326120794583
Succinic acid semialdehyde,0.0842004298257237,0.0839493088610664,0.0805685559914349,0.0880180257340907,0.0841553471075137,0.0838681985181782,0.0817870701941889,0.0843811475878789,0.0812883420681926,0.0838646079766829,0.0830493242490629,0.0808696418859861
Pimelic acid,0.0846503784931371,0.0834155260375642,0.083100078247317,0.0857732487603177,0.0826387448297845,0.0815624171586309,0.0815765446249061,0.0846959801385057,0.0824699967790333,0.0836875615250578,0.0837464714668821,0.0826830519388636
gamma-Glutamylalanine,0.0837609212610142,0.0850473847372009,0.0800005244848972,0.0901148980080517,0.0861072583007054,0.0856648445759636,0.0821884865901268,0.0839976451108432,0.0800072416043632,0.0818046479229981,0.0817590536582111,0.0795470937456247
Stearidonic acid,0.0851652886597541,0.0834605613470567,0.0815159067569272,0.0892016794485306,0.0832156641013122,0.0847802161267839,0.0812843371426398,0.0835677575190527,0.079664171539679,0.0816873418905306,0.0840049208032935,0.0824521546644399
N-Acetylmannosamine,0.0838280252072899,0.0840671877778379,0.0821799810550987,0.0856522196139042,0.0836326385187597,0.0820043876491745,0.082244051015624,0.0848942967156435,0.0839932984062664,0.0839914303577527,0.0825828238369549,0.0809296598456937
5-Acetamidovalerate,0.0851874747909859,0.0831282678734212,0.0824361636189787,0.0875916148773301,0.0826791734460864,0.08385231132448,0.0812243110138123,0.0835196846740465,0.0800643648360836,0.0817856053875227,0.0845010024648781,0.0840300256923745
Dopamine,0.0851929802548636,0.0839134396158163,0.0841860116832989,0.0869125575517994,0.0829288896903488,0.0823427067554874,0.0817194233652941,0.0843228837423713,0.0809542730910353,0.0815582167165487,0.0834821298666747,0.0824864876664616
12-OPDA,0.0843742722291358,0.0843885871542937,0.0822016666721705,0.0878053808723044,0.0847691236700311,0.0840656945153045,0.0830622152882121,0.0838044022619313,0.0795732236657341,0.0821558227672953,0.0825417299237083,0.0812578809798788
cis-Aconitic acid,0.0836522580981748,0.0835195959912068,0.0792962734894617,0.102935858816302,0.083914191616383,0.0840947801714066,0.0804943655094227,0.0830125400306598,0.0781524692524099,0.0805331153262046,0.0813024142077748,0.0790921374905937
Phosphoserine,0.0850695707753662,0.0832463248060203,0.0829528784386068,0.0871940873824359,0.0824878699904373,0.0824523099069808,0.0811512825933455,0.0842021161170006,0.0813883526507392,0.0823983898869366,0.0841439319038745,0.0833128855482563
Pyridoxamine,0.083714998826503,0.0859569657574511,0.0815199132089905,0.0869994849351709,0.0861227886990393,0.0828048776744022,0.0839484988926685,0.084964364822737,0.0811409070832674,0.0827728356214299,0.0812928219859007,0.0787615424924393
Uric acid,0.0838193413614371,0.0837863902463518,0.0834052557783973,0.084826873903908,0.0832807718970506,0.081878259629841,0.082516343722098,0.0844798618481841,0.0837458769982549,0.0835767264504325,0.0828152349225836,0.0818690632414611
Uracil,0.0850017659716864,0.0840130386258879,0.0803458112404213,0.0852962859311627,0.0837150753733969,0.0834615744063896,0.0815567102815794,0.0845309523910598,0.0811571099624831,0.0841398768796421,0.0849154387866626,0.0818663601496282
"15-Deoxy-d-12,14-PGJ2",0.0846181353910221,0.0842845179596874,0.0820359189418901,0.0878179789143725,0.0845935622193895,0.0856877517983238,0.0825447640163306,0.0833039316092125,0.0790937101876394,0.0810314136433252,0.0829394933694644,0.0820488219493426
Alpha-D-Glucose,0.0849235926508677,0.083692429156029,0.0848436194865262,0.0862005087029356,0.0826949776491327,0.0816873087487983,0.0818428242924341,0.0844781133755946,0.0815546980972011,0.0821885793584715,0.0833762266382769,0.0825171218437322
19(S)-HETE,0.0850686549109739,0.0841577308415635,0.0841044858451804,0.0873759388478053,0.0832098852510764,0.081827440454726,0.0821752086468844,0.0847474459966199,0.0808668296489409,0.082310688662252,0.0829234258211079,0.0812322650728695
S-Glutathionyl-L-cysteine,0.0826423495830859,0.0876687192303469,0.0793091699209355,0.0838335610641982,0.0898341395448842,0.0815678092577406,0.0853417063929988,0.0855111709829682,0.0812094389282905,0.0853776175389481,0.0804432614642912,0.077261056091312
L-Carnitine,0.0836282228819961,0.0876328710195096,0.0807221794044857,0.0846716242244036,0.0876894327260464,0.0821668469264705,0.0846775674992149,0.0854436736389263,0.0810257008894802,0.0828756762879619,0.08120113320225,0.0782650712992547
L-Kynurenine,0.081988863071614,0.0859667658364488,0.0795597799911731,0.0830873954052092,0.090941184829878,0.084636945088524,0.0891375656071657,0.0831576483082241,0.0799811481255119,0.0835099559745423,0.0803716960928721,0.0776610516688369
Deoxycytidine,0.0831496593660233,0.0870329269709358,0.0791070687773272,0.083419537049034,0.0894662702463601,0.0857120058452448,0.0850587713417849,0.0839980743142148,0.0804362080159877,0.0829893107471431,0.0816353320373898,0.0779948352885544
Creatine,0.0818504520681465,0.0863212301855896,0.079408756090355,0.0823289438026022,0.0907769356105078,0.0838919438102314,0.0891098888012498,0.0834056474671654,0.0810596273490882,0.0839178650644122,0.0803935049774692,0.0775352047731827
Spermidine,0.0820007365920278,0.085260616969083,0.0796587841181601,0.0835483215231775,0.0894888802937975,0.0866226578496121,0.08737371397018,0.0829784392284405,0.0806799773551261,0.0834911949431433,0.0806814624177886,0.0782152147394633
Methyl beta-D-galactoside,0.0822095818961134,0.0851459187963263,0.079761875433582,0.084195556758173,0.0892923542317632,0.0875463177315106,0.0868342056004982,0.0828707257234162,0.0799623149422048,0.082991192643414,0.0807848164697256,0.0784051397732726
beta-Alanine,0.081928791977893,0.0870351329825009,0.0794615202469763,0.0820189157263795,0.090917907484846,0.0828876743073226,0.0897857202555167,0.0836945972367887,0.0809560803565054,0.0837634964484873,0.0802924920529415,0.0772576709238421
3-Methylindole,0.0817015797316701,0.086532995408167,0.0786889135257072,0.0824727879420176,0.0926240124243952,0.0833068709950415,0.0882850156021426,0.08361388726992,0.0806374132666436,0.0850955979019254,0.0800924621640222,0.0769484637683474
Betaine,0.0821792538651025,0.0866941919240328,0.0788551857849726,0.0824290487748365,0.0910719406997895,0.0846524405928538,0.086943463431043,0.0836570498802965,0.0810493707137637,0.0841138986804282,0.0808382369620493,0.0775159186908317
Cadaverine,0.0819670812127351,0.0854221368563859,0.0797235845110009,0.0829267132909991,0.0892863818293757,0.0856887155154595,0.0878865421250103,0.0831025024928864,0.0812359455550443,0.0837838939554948,0.080755064663781,0.0782214379918271
Thymine,0.0821105427654881,0.085524319610521,0.0796204594476366,0.0842065803294824,0.089677623892823,0.0864119485811621,0.0863029154314915,0.0832469736868808,0.0809066952033547,0.0832300647048412,0.0806165616200557,0.0781453147262628
L-Isoleucine,0.0820853691090054,0.0856393977802135,0.0788487065110912,0.0838371247503084,0.0904742911692835,0.0860820757218939,0.0856909508795835,0.0834402318520211,0.0809016820081318,0.0844459740609457,0.0807275321829625,0.0778266639745595
L-Glutamine,0.0823117333996092,0.0866834772327404,0.07912029209315,0.0827499387034813,0.0909196552819665,0.0845464330163352,0.086508248713045,0.0837320110670927,0.0809371073994431,0.0836972606362846,0.0809143742333738,0.0778794682234781
2-Aminobenzoic acid,0.0821225946433086,0.0852636906475089,0.0790510614753596,0.0852092407058307,0.0903889964922211,0.0889468181493936,0.08522048973696,0.0828946952913604,0.0797180917308521,0.0826414664188401,0.0805351308534404,0.0780077238549244
L-Leucine,0.0818982725154142,0.0856642788443637,0.0791769407554438,0.0829345290055656,0.0902382580207813,0.0852790445067509,0.0872061515857527,0.083310532561577,0.081315493017166,0.0844642182464635,0.0806453306871902,0.0778669502535311
L-Valine,0.0821613890747971,0.0854586603052285,0.0792922135143693,0.0842750149677063,0.0897994481331745,0.0873528432460046,0.0854948944825312,0.0831958309373668,0.0807786150679131,0.083147373989296,0.0807790747772786,0.078264641504334
O-Phosphoethanolamine,0.0825685346284167,0.0854804532936775,0.0800808116587425,0.0848512785758594,0.0889820351938371,0.0878772335934359,0.0858361104343652,0.0829917908956321,0.0797411597314155,0.0819836445463113,0.0809346363588148,0.0786723110894919
Sorbitol,0.0830850966068183,0.0858805990451944,0.0813552774475705,0.0843725193165651,0.0874765227455269,0.0850900087912366,0.0865984076052414,0.0835464621862504,0.0803203429127088,0.0821399349787451,0.0812735172698063,0.0788613110943362
Maleic acid,0.0824226050848733,0.0854856958399042,0.0792577824109374,0.0835215490532072,0.0891946145543309,0.0874967477441424,0.0852941183137774,0.0832159981902865,0.0807580164727506,0.0832582486679886,0.0813632313881875,0.078731392279614
myo-Inositol,0.0821221838543928,0.0851790514722409,0.0797696329034096,0.0829677475780056,0.0888294323540895,0.0865218363640085,0.0872486662955818,0.082979259289063,0.0809571750630423,0.0836308744286123,0.0810934365653808,0.0787007038321728
Palmitic acid,0.0839427602571563,0.0864502548401198,0.0791670020040527,0.0832923168892286,0.0880162077990205,0.0863841198648157,0.0842059404855978,0.0838826806413039,0.0797267115438698,0.0829528871673752,0.0829563192519627,0.0790227992554972
Dihydroxyacetone phosphate,0.0824359466889219,0.087349273097106,0.0797774412515957,0.0836322463079964,0.0905739104077816,0.0832225348308795,0.0869713682066213,0.0842235224628232,0.0808126697449754,0.0831584750377409,0.0803932039306672,0.077449408032891
Oleic acid,0.0830563919910339,0.0859891485183247,0.0794774911445664,0.0855201863024546,0.089849349394885,0.0862419881368263,0.0846001799589833,0.0835434770950222,0.0792309729882857,0.0824752058870982,0.0812586592097582,0.0787569493727615
Myristic acid,0.0818829711817762,0.0861166180316578,0.0795447910243979,0.0831425740893857,0.0905860273267794,0.083751555110736,0.0882514326728317,0.083592788417524,0.0810947239068702,0.0842562538852099,0.080246506627318,0.0775337577255132
Pseudouridine,0.0826912407405918,0.0855948376033485,0.0795925383814225,0.0828429442916,0.0888543732060664,0.0874272915561003,0.0872429487947461,0.0829298964073284,0.0796503739808565,0.0829968018885367,0.081605058721294,0.0785716944281089
L-Asparagine,0.0823399511919985,0.0862592917207727,0.0795839009598166,0.0834934740962091,0.0897971690185328,0.0855881217631996,0.0865854247859914,0.0835322442882311,0.0810392119055938,0.0830685834378423,0.0807986030218947,0.0779140238099173
5-Methylcytosine,0.0824110771026571,0.0851236081518644,0.0797837333932547,0.0836429879980232,0.0889250598782696,0.0879574658147003,0.0869138351928626,0.0827713640329754,0.0796584117031737,0.0828800893720825,0.0811822347470555,0.0787501326130811
Piperidine,0.0818907322999478,0.0856793665908391,0.0791524994603441,0.0829249557280689,0.0902417173322087,0.0852043632941853,0.0872199768353811,0.0833324925247529,0.0813516865986666,0.0845549166301911,0.0806293364175193,0.077817956287895
O-Acetylcarnitine,0.0821042062585353,0.0849116214054702,0.0798380783133798,0.0837583500768524,0.0884397746702479,0.087262916197864,0.0863439611265685,0.0829767504883428,0.0811366069680614,0.0835017034194449,0.0809771174705811,0.0787489136046519
Sphinganine 1-phosphate,0.0822175552673531,0.0856443398131575,0.0797911870372403,0.0835406286334592,0.0896454299942279,0.0852660867614352,0.0868902149181961,0.0833499608926009,0.0807687789759687,0.0835925930118715,0.0808339691631767,0.0784592555313129
Indoleacetaldehyde,0.0816986642744839,0.0866048280181709,0.0788139041477609,0.0826155775075088,0.092499530977744,0.0831496678121579,0.0881553424202881,0.083710360608324,0.0808359555753096,0.084916726893258,0.0800289437751621,0.0769704979898318
2-Dehydropantoate,0.0817456568338145,0.0873955301791692,0.0788792660184688,0.082065489816342,0.0913637394943128,0.0815028478849901,0.0887868551154459,0.0844221912108535,0.0812422144591907,0.0861299375044177,0.0798842917482578,0.076581979734737
Saccharopine,0.0829891771085744,0.0864658376181858,0.079537087509473,0.0850662623480512,0.0895205636488003,0.085835131999639,0.0844476109285797,0.083879023263302,0.0802400509944972,0.0823601975602499,0.0811908487767075,0.0784682082439401
Serotonin,0.0822079937061879,0.0851828490299635,0.0788416953685258,0.0847643170857661,0.0897666311113249,0.0890979076907151,0.0846368342852805,0.0830404694999361,0.0802102866199512,0.0831494972860921,0.080877185070329,0.0782243332459278
Histamine,0.0826263941230625,0.0877645449716037,0.0790599783975861,0.0818051305525177,0.0893083768884156,0.0812297008777647,0.0865348559724732,0.0852002283793931,0.0812499670984201,0.0868049576175419,0.0810067979352332,0.0774090671859881
"5,6-Dihydro-5-fluorouracil",0.0819469714496988,0.0853886869051363,0.0791987048123097,0.0833348994889516,0.090103180935688,0.0864718017789901,0.08693590532446,0.0830825422168091,0.0807992664005102,0.0840342629267949,0.0806960430102837,0.0780077347503674
Choline sulfate,0.082539388883084,0.0855787205224966,0.0799907884878093,0.0849335668080821,0.0893421004012876,0.0872341688837672,0.086532947439281,0.0830373219242584,0.0795032395190058,0.0823081410131296,0.0807603060126012,0.0782393101051973
N-a-Acetylcitrulline,0.0820771709738843,0.0857030328461235,0.0790462524792678,0.0839510151651267,0.0912784482218965,0.0861532810169201,0.0861153081363614,0.0832399132603716,0.080224137051103,0.083619331354956,0.0806067425203258,0.0779853669736633
Leucodopachrome,0.0833813327553238,0.0860219725675366,0.0793980716075506,0.0854535324708135,0.0888327911950414,0.0862932200801322,0.0837175037676254,0.0838226313678333,0.0796780140981153,0.0824788965141077,0.0817682023014392,0.0791538312744811
4-Oxoglutaramate,0.0820174363061829,0.0865321690698664,0.0791970090788997,0.0818895073415078,0.0894525761065593,0.0829315962073759,0.0876115319547667,0.0840306937042519,0.0824990897343849,0.0855205513810285,0.0807646576320884,0.0775531814830877
2-Deoxystreptamine,0.082509515757369,0.0856200457543686,0.0796012263585709,0.0856195810014926,0.0900161241289653,0.0880212246338577,0.0856725583467784,0.0829842972656033,0.0791913830375687,0.0820228603627516,0.0806317259145939,0.0781094574380799
2-Hydroxybutyric acid,0.0819129841463746,0.0854335666021443,0.0793154002486914,0.0831354190177841,0.0898824930013291,0.0858633605914978,0.0872780019358624,0.0831589649969598,0.0811265498125035,0.0842243839436221,0.0806725499707728,0.0779963257324583
N6-Acetyl-L-lysine,0.0836774162559253,0.0873796627961532,0.0790216294313269,0.0820585684478919,0.0878561625608526,0.0827636509263935,0.0853217506493713,0.0849496056729744,0.0807361905386346,0.0857735234919373,0.0825079720607686,0.0779538671677704
2-Amino-2-deoxy-D-gluconate,0.0821855088177864,0.0858730712829326,0.0794969656522109,0.0830058907913249,0.0901297571831129,0.0863735332393385,0.087161647049564,0.0831086179506579,0.080558926932566,0.0829911088804237,0.0808946179498938,0.0782203542701886
2-Oxo-4-methylthiobutanoic acid,0.083812035097544,0.0861072643767976,0.0793983134350864,0.0831888870719462,0.0879788176991652,0.0860382383815644,0.0845523382642333,0.083729028377796,0.0796105763495926,0.0831509051781266,0.0829568865265635,0.0794767092415841
Se-Methylselenocysteine,0.081965188042148,0.085400305170939,0.0792617266999432,0.0830463797762466,0.0899598913503271,0.0863478239243223,0.0871833881277424,0.0830554084284327,0.0808368412543991,0.0840168005722764,0.080797223365341,0.0781290232878821
Pantothenol,0.0825233234959853,0.0861870097547081,0.0802267755514006,0.0847384468940392,0.0882309330190603,0.0827661861881085,0.0857378656580923,0.0846401110699093,0.0819601684755586,0.0845878480981939,0.0805449316256907,0.0778564001692532
D-Glucose,0.0832272495059592,0.0859981218419158,0.0795763715026987,0.0846714626048155,0.0864712794060769,0.0821684546184082,0.0831154599175104,0.0857249462764886,0.0832991106296166,0.0857739872121453,0.0815605725680748,0.07841298391629
Dimethyl sulfone,0.0820749533346694,0.0865697960584399,0.0794059802267443,0.081720388586415,0.0891309461311291,0.0823541069979259,0.0879874200981893,0.0841484518129548,0.0823232013853526,0.085776087167808,0.0808123075030783,0.0776963606972935
Phenylacetic acid,0.082776159938924,0.0856143568402316,0.0798163545452066,0.0825015592588256,0.0885297503823027,0.0863176979844521,0.087545930154215,0.0830384149997894,0.0798221198530984,0.0832656088749619,0.0818454386588246,0.0789266085091681
N-Acetyl-D-glucosamine,0.0827431311332442,0.0858936701425707,0.0792459108735972,0.0878776066983835,0.0894428589705186,0.0858272720082246,0.0839057758667164,0.0838781480035751,0.0799305711391968,0.082738623991147,0.0806188278051827,0.0778976033676432
Guanosine,0.0821546780980049,0.0850167249161475,0.0791512007482507,0.0842814150986797,0.0894707010337027,0.0890537082795735,0.0857030739028245,0.082827666637634,0.0799875625808673,0.0832107129570314,0.0808667159090041,0.0782758398382797
1-Methylhistidine,0.0823806336599016,0.0860860679469589,0.0793421380043508,0.0836667633732434,0.0908347808106857,0.0848709621833448,0.0863773900110958,0.0835490681314977,0.0801177766817225,0.0837205090713921,0.0808508322660259,0.0782030778597806
2-Isopropylmalic acid,0.0824703158183356,0.0863569473044474,0.0795486722771851,0.0836890928586754,0.0895260867370983,0.0830849400181944,0.0874053491602937,0.0841602273400966,0.0804213684397875,0.0853110358000282,0.0805921456838973,0.0774338185619605
"9,10-Epoxyoctadecenoic acid",0.0831189500052745,0.0857455535371469,0.0807125546388401,0.0857275691914263,0.0880722543382779,0.0855104586384895,0.0860894064560184,0.0835238776424204,0.0795264955676239,0.0824146529354225,0.0810613461139697,0.07849688093509
Cytosine,0.0823388990685961,0.0847861371645872,0.0787386425715991,0.0854156386370731,0.0888398280050096,0.091829419335142,0.0839352708219309,0.0827458964803336,0.079481497864398,0.0825257858690934,0.0809987888385375,0.0783641953436994
1-Hexadecanol,0.0833161292771837,0.0850506686699243,0.0792026065554713,0.0859463921716207,0.0879802831952123,0.0886286614745187,0.0835499174671634,0.0832436861604223,0.0790780729621059,0.0826842120986522,0.0819623929063829,0.0793569770613424
Urocanic acid,0.0823931156839459,0.0847120594575345,0.0792751170366094,0.0852138080609207,0.0884974098420918,0.0920336989502767,0.0847845823964057,0.0825086919808609,0.0790715356471454,0.0820294816131449,0.0809576587963924,0.0785228405346718
Niacinamide,0.08230546691714,0.0847408560346266,0.0788821385863886,0.084520107901681,0.0886236209072958,0.094036538602371,0.08415084150711,0.0823784894183507,0.0790428886363116,0.0816615016020272,0.0810556714273383,0.0786018784593592
Protoporphyrinogen IX,0.0839835682565437,0.085386256551483,0.0792204018603057,0.0861237436793831,0.0869545140341206,0.0878366810540628,0.0830770318500878,0.0837455251876281,0.0794242249549661,0.082765855844277,0.0825014451708883,0.0789807515562538
Glycerophosphocholine,0.0823781141273079,0.0851016207759144,0.0788234527272575,0.0864507763894289,0.0894164677876084,0.0905244905866769,0.083824672406225,0.082930008503313,0.0794551796722792,0.0822009873519267,0.0807373785999172,0.0781568510721449
Acetaminophen,0.0840618877384642,0.0847149334322698,0.0798329836989919,0.0856929701223481,0.0861505851070711,0.0915170865838029,0.0829595873960314,0.0827241038203247,0.0783375432278453,0.0809599192105719,0.0827721803020851,0.0802762193601937
p-Aminobenzoic acid,0.0827390976880304,0.084970792238744,0.0792581038884118,0.0840761172540378,0.0881096404795192,0.0922826297785327,0.0848534288515755,0.0825443042665058,0.0789929613421797,0.0818991401885397,0.0815395872975576,0.0787341967263656
4-Guanidinobutanoic acid,0.0841961437916535,0.0843327075989816,0.0795940110308255,0.0869239761941373,0.0852196247760855,0.0908430747961254,0.0819456344715045,0.0830500707220819,0.0790948652557531,0.0813166962353466,0.0831113244448387,0.0803718706826663
Oxoadipic acid,0.0738659462812617,0.0750047696171498,0.0707236044117515,0.076658447047854,0.0771975351645148,0.192337012591926,0.0740486909292875,0.0734194968667012,0.0703799994756546,0.0725166509218486,0.0728694783717032,0.0709783683203471
Thromboxane B2,0.0835589490547503,0.0853415385881013,0.07963042612544,0.0851203495941612,0.0872960341534513,0.0875535029376728,0.0843751825879122,0.0835010047552652,0.0795549198573675,0.083069557547668,0.0821377482422576,0.0788607865559526
L-Methionine,0.082448622141758,0.0871014632615806,0.0813574372719583,0.0800363958338394,0.0852643477763093,0.0794104745046089,0.0929367486296864,0.0849809599844618,0.0826821390817581,0.0856974370250256,0.0808888903297549,0.0771950841592587
L-Lysine,0.0829467861797741,0.0869615350657435,0.0817527580148212,0.0798598763853621,0.0847681063487586,0.0794847879076633,0.0920383387422677,0.084976995133036,0.0823141958849942,0.0855875905165809,0.0816596334678636,0.077649396353135
1H-Indole-3-acetamide,0.0834739110300453,0.0853955500780868,0.0807288294276534,0.0826957177607799,0.0865719238719724,0.0845632503965402,0.0871066490320886,0.0835177418981655,0.0800738660392261,0.0839746484184877,0.0825475374547378,0.0793503745922164
L-Proline,0.0823746211487407,0.0862535400478077,0.0807316660386575,0.0804353409877069,0.0860379170807656,0.0810443863203477,0.0906181229828369,0.0841508358464324,0.0833332375937198,0.0854988045149468,0.0814791166352663,0.0780424108027716
L-Threonine,0.0830409146809798,0.0878322417686938,0.0816475651392988,0.080868345611933,0.0863845147943994,0.0805457794313952,0.0922517453735525,0.0845589979596694,0.0807722398029989,0.0832700068480981,0.0811801282962653,0.0776475202927157
1-Aminocyclopropanecarboxylic acid,0.0820964213910055,0.0862070230981866,0.0793030931613887,0.08144318866327,0.0891783764018627,0.0834120122610471,0.0903365183234683,0.0834254665804551,0.0809155364533366,0.0850977601324986,0.0809867094254943,0.0775978941079865
L-Pipecolic acid,0.0816012331703066,0.0867037416890117,0.0793460046126852,0.080251082040563,0.0881135535426466,0.0810537165839439,0.0972429645381632,0.0834008872326691,0.0807638282870403,0.0845557345926031,0.0802270991026268,0.0767401546077406
2-Phenylacetamide,0.0816763496341171,0.086348429845359,0.0792640952797191,0.0813002753374013,0.0897848070835279,0.0827790160313945,0.0926262364457558,0.0832935816966872,0.0809333796578659,0.0845823850379281,0.0803153293473857,0.0770961146028583
Acetylcholine,0.0817554456548815,0.0865312641694759,0.0795266332978729,0.0818763918423487,0.0906073284767223,0.0829022389944741,0.0916840253101012,0.0833559231873582,0.080559237546708,0.0838140274340679,0.0801625896344241,0.0772248944515651
"(9Z,12Z,15Z)-Octadecatrienoic acid",0.0839939853094445,0.0864002475830038,0.082683480614854,0.0842105158032682,0.0861994994911233,0.0823929809426568,0.0868025006902508,0.0844631049152752,0.0799131754498024,0.0826150164876846,0.0815871444936869,0.0787383482189495
2-Hydroxycinnamic acid,0.0817946176431778,0.0859315503013439,0.0795017148330149,0.0816199232236331,0.08928663556332,0.0831884896132112,0.0905355370022723,0.0833700588878447,0.0814651796955923,0.0850539285496009,0.0806065338660948,0.0776458308208941
Indolepyruvate,0.0815300028022242,0.0865591701676323,0.0791967906194984,0.0806372764065051,0.0888663502286042,0.0811640074723811,0.0963035514216441,0.0834353861928368,0.0804780229678066,0.0851404460534142,0.0800276792318241,0.0766613164356291
p-Octopamine,0.0824793922062449,0.0875838954154795,0.0803651683264721,0.0806183821602488,0.0867965958098406,0.0805770034784649,0.0896567913412756,0.0848971023072988,0.083208080518616,0.0852641520340973,0.0810901166928649,0.0774633197090965
Indole-3-acetaldehyde oxime,0.0840685390569114,0.0851520563518665,0.0819104285443509,0.0811898372172692,0.0843434367689423,0.0817643041230353,0.0864106658456718,0.0842127985868035,0.0815783765735082,0.0853025459956157,0.0840364010822857,0.0800306098537394
"1,1-Dimethylbiguanide",0.0820096623791802,0.0865996098839742,0.080537455107126,0.0799709916388335,0.0856554381940217,0.0796644561515877,0.0933127857164825,0.0845615870999271,0.0831073907862516,0.0868689658757001,0.0806673512924704,0.0770443058744449
D-Phenyllactic acid,0.050000056657154,0.053469467322183,0.0486833322593619,0.049020405089935,0.0536494815279456,0.0490455506124831,0.448616956303553,0.0512263261438157,0.0490379498390747,0.0515847223248127,0.0489399924995782,0.046725759420103
Phenol,0.0831130408493767,0.0859711514123671,0.0808356104093686,0.0817701561155659,0.0861151011517911,0.0816549163286568,0.0887885847466987,0.0843904240441371,0.0811500133001283,0.0862718335667789,0.0817822172897279,0.0781569507854028
1-Pyrroline-2-carboxylic acid,0.0836422028802317,0.0866350909283475,0.0823991183179932,0.0820861399772888,0.0862091169161795,0.0824755977100295,0.0879073355922424,0.0840924708520823,0.080779247026614,0.0824095676319457,0.0821240086471735,0.0792401035198718
"3,4-Dihydroxymandelic acid",0.0827831042807053,0.0882552118120274,0.0805074719587451,0.0816442012327188,0.0882969596204603,0.0815189798858843,0.089206875784006,0.0846495068866051,0.0812751184994808,0.0833765158054953,0.0809210453994541,0.0775650088344174
Gentamicin C1a,0.0823029748508761,0.0862092492529143,0.0804199895811779,0.082188226637389,0.0883822123837788,0.0825230230614684,0.0890382732318611,0.0839009994656968,0.0814463957037143,0.0844743721191015,0.0808791432820801,0.0782351404299418
Taurine,0.081706875264389,0.0862671238048096,0.0797607115812842,0.0816923120789216,0.0887877631602594,0.0819970624384159,0.0909745364981127,0.0838209412480305,0.0821650580250318,0.0854253279328845,0.0802007769842039,0.0772015109836569
Kynurenic acid,0.082631994072679,0.0856113250587501,0.080646373749507,0.0813636692546472,0.0867267019753183,0.0829027133411772,0.0884344315630803,0.083662103459185,0.082038203548149,0.0847939108064592,0.0820104449160132,0.0791781282550347
Salicylic acid,0.0821485002024053,0.0873288994807639,0.0795946617015837,0.0810444200675361,0.0889528520740458,0.0816565927808448,0.0958759852011247,0.0834688619408854,0.0794509521828948,0.0833772626824775,0.0803384900462511,0.0767625216391869
L-Phenylalanine,0.0823075158058195,0.0873951686181467,0.0804059442340011,0.0815445388464546,0.0876250789602686,0.0805759435107045,0.0889541706831318,0.0850955415295555,0.0826315185476579,0.0855961117312593,0.0805120672801512,0.0773564002528493
Glucosamine 6-phosphate,0.0827081270282586,0.0863946694824906,0.0813896964235359,0.0831333706607504,0.0874997404085897,0.0821168038317315,0.0878851480534742,0.0843907080080439,0.0815098230701,0.083806442902969,0.0808440308498695,0.0783214392801867
D-Octopine,0.0825814969466502,0.0870874447526957,0.0808315581199608,0.0829915546499976,0.0887347083274864,0.0822608663078378,0.0897288720269279,0.08413998740035,0.0804253600215259,0.0832113182762299,0.0804537958507622,0.0775530373195755
Glutathione,0.084316366930761,0.0870987757810933,0.0805942786014608,0.0841049977155058,0.0858479203765342,0.0803018012918236,0.0835505026588689,0.087247103731065,0.0810737384531392,0.0856463524319409,0.0817869620339274,0.07843119999388
Ketoleucine,0.0843569731017447,0.0832810821517326,0.0845462388452853,0.0841010291274904,0.0823110232770471,0.0809437113995666,0.0818824764725137,0.0845487202121434,0.0834007514683176,0.0836617121041557,0.0837543452515676,0.0832119365884354
N-Acetylneuraminate,0.0843170157538542,0.0860857616876542,0.0803377530246281,0.0835072704860945,0.0848201505319053,0.0815888098592509,0.0832770480732132,0.0861660046274502,0.0831841862428479,0.0856129346501264,0.082693077236852,0.078409987826123
Selenomethionine,0.0849426352406382,0.0834825409073461,0.0839972269943813,0.084223375634505,0.0821739093014643,0.080327700873653,0.0814759223441631,0.085332585861056,0.0831403494834143,0.0841197705472075,0.0840838104978833,0.0827001723142878
Anserine,0.0839316641083255,0.0853445297317014,0.0824368364499918,0.082730676460803,0.0834523112979542,0.0796942532152215,0.0828124747223352,0.0868466383967153,0.0861634964755316,0.0851041995440259,0.0822211209869844,0.0792617986104101
trans-Cinnamate,0.084344577682598,0.083249252650759,0.0845141817235614,0.0839306019164397,0.0822590715037676,0.0808938339835605,0.0818262538875791,0.0845315459525516,0.0835369523418423,0.0836447518240291,0.0838472064749583,0.0834217700583535
5-Hydroxyindoleacetic acid,0.0843682825349801,0.0843769531598398,0.0840186255174013,0.0817855862003268,0.0822362876671098,0.0788336206548483,0.0824211380811566,0.0868435082672734,0.0855748669577584,0.0862692705758395,0.0831336666063232,0.0801381937771427
Jasmonic acid,0.0842244525897348,0.0848361796221513,0.0826249258800869,0.0822321614915019,0.0830601397565956,0.079593935691954,0.0825903362088438,0.0865090022754295,0.0851968727658395,0.085684354775803,0.0831097106969558,0.080337928245104
Ascorbate,0.0848120662370498,0.085152889124653,0.0828301906022084,0.0839628319842475,0.0833062425666197,0.0805096410747151,0.0821171342666744,0.086381799785656,0.0842248526123806,0.0833545523128084,0.0830513050713814,0.0802964943616057
"3-(3,4-Dihydroxyphenyl)pyruvate",0.0831479406800302,0.084136089404977,0.0831968902629771,0.0806285371456404,0.0821796381811441,0.078875061103538,0.0830065259248956,0.085509495897879,0.0918607100418101,0.0856510022073667,0.0824391128155205,0.0793689963342214
N-Formyl-L-glutamic acid,0.0823491179941755,0.0838471692859034,0.0818110515296592,0.0801701594786794,0.0822361061212081,0.0787900606639804,0.083227300333738,0.0848517705444649,0.0958268825850337,0.0865916776539108,0.0817211470064859,0.0785775568027607
6-Methylmercaptopurine,0.0823267195783852,0.0834429155233512,0.0815458014250421,0.080516350687819,0.0822412004956743,0.0793706880418148,0.0829074289850509,0.0843549103150533,0.0957285483690371,0.0865049562130733,0.0819968615061496,0.0790636188595492
Fumaric acid,0.0843649024390483,0.0839578997457025,0.0815652548895945,0.0814086887527985,0.0820183210664085,0.0795835520020134,0.0815500285262246,0.0859571796891127,0.088681392552348,0.0860260806965174,0.0845794415191676,0.0803072581210639
Pyruvic acid,0.0836433280537354,0.0848043215881515,0.0848373818830662,0.0812406663476318,0.0827139976688084,0.0792545134841107,0.0838813178201294,0.0858022408259127,0.0871411084539497,0.0847111890483984,0.0824301733574821,0.0795397614686237
N-Acetylglutamic acid,0.084351485890846,0.0837652001504558,0.0833374855768025,0.0828626692527997,0.0821222806618108,0.0795678318655785,0.0816578447232763,0.086081622029095,0.086378485126366,0.0854591601500223,0.0834548925553897,0.0809610420175574
Dimethylglycine,0.0844188084854224,0.083640236711243,0.0820982345898697,0.0812266757587999,0.0817138758194111,0.079400644561142,0.0815529417848309,0.0857404888039408,0.0883469675933929,0.0862729442528786,0.0849232117489597,0.0806649698901091
L-Aspartic acid,0.085016950614249,0.0838171539544988,0.0819918293058459,0.0814340769739491,0.0817529855457286,0.0795369793794689,0.0813821659017783,0.0860035153797022,0.0866092624341942,0.0858060979795751,0.0857421409440709,0.0809068415869389
"Fructose 1,6-bisphosphate",0.0832765759597298,0.0837569762166762,0.0839725842813705,0.0813924058366768,0.082345938748567,0.0796183169600033,0.0830434185057326,0.0849449125288482,0.0889931042537757,0.0853429115645611,0.0827684371391433,0.0805444180049154
N-Acetyl-alpha-D-glucosamine 1-phosphate,0.0844623810900009,0.0838032524212936,0.082154942622216,0.0819585015890064,0.082074859204547,0.0801182003103604,0.0814990767895805,0.0854780232528204,0.0878772974939965,0.0846615973516622,0.0847118547938302,0.081200013080686
Gluconolactone,0.082556688388055,0.0838006716266905,0.0825564434783847,0.0803531508994932,0.0823069876649258,0.0792006611926036,0.083599217377326,0.0846097036261075,0.0937411826274284,0.0860469722164081,0.0821054090192479,0.0791229118833294
D-Glutamine,0.0833190912157675,0.0840382827613817,0.0850268681334792,0.0811974964002761,0.0825474916430242,0.079677274448632,0.0839283531261076,0.0848399608541238,0.087405695451488,0.0849234883944909,0.082690648756129,0.0804053488151
D-Lysopine,0.08343241849454,0.0849471177717049,0.0807184313348697,0.0810657907796048,0.0826862622775431,0.0785419169121118,0.0822333665794569,0.0875807686099894,0.0884204146098544,0.0899775113961145,0.0821727611977684,0.078223240036442
Citrulline,0.0835008719060547,0.0853208147905255,0.0816606094696872,0.081436410629418,0.0829709182958844,0.0785729153948758,0.082891167203649,0.0878142918336003,0.0872564840081547,0.0885704059012562,0.0817982904379168,0.0782068201289774
pantothenic acid,0.0849997987937729,0.0842207747786338,0.0808725240587326,0.0819220748162651,0.0825126767504169,0.0802687301652923,0.0814953436356025,0.0859480020972205,0.0848050321438821,0.0861986383520524,0.085751936341333,0.0810044680667959
Xanthine,0.0844478613069807,0.0859526019399781,0.0815915391546564,0.0818241770092803,0.0834127153674763,0.0787192914729604,0.0834477905558783,0.0882361672730735,0.0823995803082215,0.0895088749240718,0.0822810464878677,0.0781783541995547
6-Keto-prostaglandin F1alpha,0.0839860160866,0.086880046386286,0.0806392413427331,0.0806199812825617,0.0845768510838119,0.08028061276875,0.0859040298034855,0.0858655931717683,0.0831941453414983,0.0869127450568649,0.0830940038340286,0.0780467338416116
Uridine,0.0835883990105027,0.0849353325317573,0.0841645379375144,0.0807737537088711,0.0829881546311292,0.0795215021836498,0.0857861962013685,0.0853252950959999,0.0851637348224204,0.0862260057188266,0.0826026031497008,0.0789244850082593
Dehydroascorbate,0.0839556096620302,0.0852858701578208,0.0798982659361295,0.0817280769006835,0.0832805215686465,0.0791661778701352,0.0820693402435357,0.0876584693143917,0.084755749671911,0.0911967685707781,0.0827127833226197,0.0782923667813182
Adenine,0.0828617845516672,0.0858112552100516,0.0794936278966871,0.0820322851028908,0.084809435165379,0.080028408805249,0.0835495424982238,0.0864018623066413,0.085285504990628,0.0909466934508699,0.0813531368368614,0.077426463184851
3-(2-Hydroxyphenyl)propanoic acid,0.0841492215680382,0.0846413319732129,0.0848343807675629,0.0817836621835749,0.0831331657229779,0.0797881332302735,0.0848090737776129,0.0853216673676087,0.0825599990707891,0.0858372874555663,0.0829822919476538,0.0801597849351291
N-Acetyl-L-phenylalanine,0.0830486286019731,0.0863352160355952,0.0799890572116758,0.0804194342334008,0.0852127292102171,0.0805663509209625,0.0859797548260283,0.0851898840331793,0.084366963311312,0.0880268592186504,0.0825742555475248,0.0782908668494806
2-Aminophenol,0.0825222320932008,0.0859794905042877,0.0814777191576121,0.0803622130580558,0.0843926684825132,0.0790871916767307,0.088357307786423,0.0855565780081197,0.0841282219426167,0.08959580793194,0.0810702916243405,0.0774702777341599
Gentisic acid,0.0840507703399531,0.0852323603013623,0.0825320167875703,0.083336450627752,0.0842555838219073,0.0806185454829901,0.0847533048178208,0.0856394703477079,0.0819788283899249,0.0863579254074539,0.0822170748964585,0.0790276687790989
alpha-Ketoisovaleric acid,0.0828322239397135,0.0853591621575275,0.0823099217296512,0.0802157866498708,0.0832464376784697,0.0785946061889617,0.0857563203195591,0.086105257546029,0.0864263358133444,0.0896020533106337,0.0815706154380531,0.0779812792281863
Allantoic acid,0.0747145414814405,0.07763842036788,0.0719707546953376,0.0723819265446328,0.0755849471226951,0.0708253717755231,0.0760657796013661,0.0785601548323652,0.0765516197942435,0.182744341968824,0.0734524768557719,0.0695096649599199
L-Glutamic acid,0.0851375664589723,0.083471586062493,0.0826141503464019,0.0816315060304588,0.0815334521317908,0.0796852560562741,0.0811961938731302,0.0855582518565529,0.0861130630292569,0.0849605704515659,0.0862304710050699,0.0818679326980334
Nicotinic acid,0.0856570950423329,0.0837377297291651,0.0822941296346091,0.0810933613191266,0.0820829448337977,0.0808560739498231,0.0819557925760897,0.0842008982426024,0.0816078685480241,0.0832508586893062,0.0892634300603333,0.0839998173747897
L-Serine,0.0851848543914138,0.0826892492757536,0.0829243122013629,0.081709617800732,0.0814428801763923,0.0811064023459402,0.0811410756993815,0.0834097826444054,0.0812607174768009,0.0824649989537369,0.0886545295390225,0.088011579495058
Porphobilinogen,0.0844347869370315,0.082969398780508,0.0832951088581082,0.0821136593319166,0.0818291082843992,0.080567260404877,0.0816661066613586,0.0842848920183391,0.0839458341900542,0.0846016179032698,0.085696158779208,0.0845960678509299
Vanillylmandelic acid,0.0868213242558786,0.0834570595311126,0.0820971309009269,0.0829306746094995,0.0816793820768807,0.0809177941441634,0.0807165027620348,0.0848266599187507,0.0815272669010872,0.0828107998380103,0.0888526863608383,0.083362718700817
Homovanillic acid,0.0862731285673241,0.0834443217573787,0.084065290476478,0.0821605946085943,0.0819887909082658,0.0811933002641532,0.0816890022550651,0.0835168699431838,0.0794130783521555,0.0813449583464105,0.0877109516371439,0.0871997128838471
4-Hydroxycinnamoylagmatine,0.0856118263389496,0.084012948860083,0.0805040383119034,0.0845970909350271,0.0835856635561888,0.0844310558396827,0.0813604554807683,0.083819387218151,0.0798644707348213,0.0821427987235523,0.086266512609837,0.0838037513910355
Formylanthranilic acid,0.085725605286143,0.0834364545833116,0.0842390700530997,0.0810764203034674,0.0813935124806036,0.0798318204820446,0.0817915194973623,0.0847739531734198,0.0832273917154954,0.0837877563402466,0.0879560828054449,0.0827604132793611
Succinic acid,0.0848541877203562,0.0829159073040728,0.0858264322184789,0.0819248770706574,0.0815624670147047,0.08101197298907,0.0819857968670784,0.0836152289796198,0.0824857781618911,0.0825178017086571,0.0862219119941521,0.0850776379712615
Citric acid,0.0847065624673173,0.082908894942605,0.0859209529592011,0.0817430256832013,0.0815803857518343,0.0809684012421683,0.0821233414572185,0.0835604501696076,0.0826070549278421,0.0825964372095489,0.0861382376260888,0.0851462555633666
Pantothenic acid,0.0846546169472094,0.0831168035276109,0.0858074421424126,0.0813825635392969,0.0817556178571787,0.0808786146984662,0.0826380602412643,0.0836290565488162,0.0825950469479288,0.082952538218782,0.0861600535856849,0.0844295857453491
Malonate,0.0863418515469762,0.0833385731373175,0.0817953858848895,0.0824836553319961,0.0816031812377508,0.0806709103996791,0.0805840743503769,0.0848456266086296,0.0821707977089461,0.0831116469987806,0.0890974228908017,0.0839568739038558
Threonic acid,0.0851597532003247,0.0825640454922972,0.0835823179590501,0.0826463190480544,0.0812417083466925,0.080923723045826,0.0806956099079059,0.0838042304476491,0.0825867966002783,0.0824546405440822,0.0871764191906684,0.0871644362171711
Arbutin,0.0860213253503358,0.0829204286466947,0.082822362961021,0.0818133431441372,0.0811666222617198,0.0803998193025185,0.0805852899556386,0.084227237502777,0.0821556470936805,0.0824593896403756,0.0897707501852708,0.0856577839558306
Hydrogen phosphate,0.0850095250015917,0.0842950437035644,0.0807669891762089,0.0837730783257647,0.083797449090034,0.0838672243782905,0.0817869509187883,0.0841035396699523,0.0811671223371106,0.082587668165209,0.0855771741059172,0.0832682351275684
N-Acetylmuramate,0.0852565189497358,0.0827091021200863,0.0834005366699725,0.0820307660318348,0.0811848924837894,0.0803745071626437,0.0807610245697295,0.0841873387935743,0.0833151650725014,0.0830649587049777,0.0877346947219367,0.0859804947192178
Resveratrol,0.0849347867872406,0.0835561914480101,0.085295769571262,0.0815628662321318,0.0820002004362231,0.0806892810889893,0.0829544761228662,0.0842126762336659,0.0828569191445695,0.0836557171966474,0.0857644195972809,0.0825166961411131
beta-D-Fructose 6-phosphate,0.0852044263391962,0.0835632998110401,0.0825020361291054,0.0821187105949877,0.0819468413865667,0.0808001272339888,0.0812155800157252,0.0847456231004553,0.0842149565884593,0.083182300090878,0.0867474828826279,0.0837586158269694
Mesaconate,0.0862060091316659,0.0832230275126162,0.0822584545969031,0.083207584995232,0.0820100146097672,0.0814148854439355,0.0808572807050979,0.0838383935501769,0.0797605051833893,0.081864685512737,0.0877152040821626,0.0876439546763165
2-Keto-6-acetamidocaproate,0.0852771929491754,0.0825617834085264,0.083413718312368,0.0843349479037953,0.0816827302637254,0.0823212441614984,0.0806387081259915,0.0829136643388125,0.0795490721531748,0.0807234157786225,0.0857542045574656,0.0908293180468442
Picolinic acid,0.0847619631407428,0.0821275629548752,0.08275935557375,0.082907033240546,0.0812658704158716,0.0818997497721733,0.0805024873358612,0.0826213902594705,0.0799172819760727,0.0811354000762861,0.0866635473872588,0.0934383578670918
Mannitol,0.0845518861271603,0.0830161981152055,0.082985789551555,0.0821461835607244,0.0820429583631033,0.0818670994059476,0.0815816749932866,0.083446316153819,0.0822210182643718,0.0823612327710543,0.0864490989866166,0.0873305437071556
D-Xylose,0.0856221198522815,0.0833389859870697,0.0855294000361083,0.0824134427881632,0.0819319090967686,0.080944457210429,0.0817583814287295,0.0836154488686719,0.0800814580972461,0.0813851912956919,0.086103512925457,0.0872756924133833
Ethylmethylacetic acid,0.0844200986319857,0.0823910060123126,0.0834870742065182,0.0827204531207464,0.0815469477401782,0.082023282744146,0.0810778703963208,0.0829540690474796,0.0814966022848415,0.0818250738225181,0.0861276266133694,0.0899298953795835
Dodecanoic acid,0.0843558456712873,0.0830803937609647,0.0845689482084816,0.0829752642051143,0.0821238941587669,0.0809266607090596,0.0819250002170468,0.0840803475922956,0.0827910400356548,0.0834202983497686,0.0845826235922338,0.0851696834993259
Ciliatine,0.0844181970471926,0.0827812140550514,0.0846948006860196,0.08296565606114,0.0818979425365413,0.0814074328421147,0.0816097868765225,0.0834410215157692,0.0816955427198165,0.0822673540275513,0.085034219293659,0.0877868323386219
Indole,0.0843815272816538,0.0824266210979299,0.0836901897765544,0.0825550661599477,0.0815500905801865,0.081881556459564,0.0811798680417927,0.0830038810446203,0.0817214488201984,0.0819292352347945,0.0860957930559904,0.0895847224467675
Phosphorylcholine,0.0842818000370148,0.0830205975438245,0.0847837140566845,0.0829553893695609,0.0820284232278046,0.0808199405045889,0.0818901328829211,0.084117415706711,0.0832367462010602,0.0835228426127145,0.0844711483165235,0.0848718495405915
Maleic acid homopolymer,0.0862573466925698,0.0830617282437878,0.0838728839229588,0.0829080385908015,0.0816887329728099,0.0810812149655988,0.0809601201605946,0.0834684991657335,0.0793236463979369,0.0810598035402011,0.0871875562449595,0.0891304291020477
7-Dehydrodesmosterol,0.0843859198703242,0.0827300426208001,0.0849662572828254,0.0828789738125361,0.081842612597559,0.0814996769799127,0.0816234910987512,0.0832951289510374,0.0815731032964245,0.0820191676716246,0.0850437974179044,0.0881418284003004
2-Hydroxy-3-oxoadipate,0.0844501539337184,0.0829206357564093,0.0845218130985221,0.0829969232889526,0.0820335825399269,0.0813185983305582,0.0817279560604305,0.0836367576818095,0.0818534063053525,0.0825725215194181,0.0849575901877419,0.08701006129716
L-Malic acid,0.0845757850776059,0.082119245403552,0.0830204685988622,0.0829587622009738,0.0812781153975842,0.0819690042006214,0.0805464829464419,0.0826003984206611,0.0801857195124742,0.08107223738066,0.0862333891952557,0.0934403916653076
Alpha-dimorphecolic acid,0.0845222430242612,0.0829188221908714,0.0847136398875091,0.0846998091288155,0.0821451742746573,0.0821970727124138,0.0815671195033507,0.0836219375194131,0.081968777499911,0.0821343228913848,0.084306501258668,0.0852045801087441
L-Tryptophan,0.0844835275463385,0.0827469053522558,0.0846793389561718,0.0835583136079178,0.0819557361333991,0.0819794295810804,0.0814761613398762,0.0832126392468016,0.0811480829789416,0.0816664691691761,0.0848608943303037,0.0882325017577374
Cytidine,0.0846602549801536,0.0825716280640296,0.0851627864061255,0.0819157074687077,0.0813116553963354,0.0809278288652854,0.0814345098031777,0.0834151849872643,0.0826018683947666,0.0823700698211551,0.0865055454786656,0.0871229603343336
D-Mannose,0.0847836860638701,0.0821231597310118,0.0838030491376158,0.0825058425029301,0.0810290541462912,0.0810666936824071,0.0804364241948932,0.0826881844837818,0.0799458544557482,0.0808123826220056,0.0862613576224061,0.0945443113570389
(R)-3-Hydroxybutyric acid,0.0849865523363427,0.0825784950947977,0.0842315351854631,0.082448054335287,0.0812452988148395,0.0808581900680361,0.0809150263564274,0.0837523929220254,0.0828785512849152,0.0824627490582091,0.0867893765276251,0.0868537780160318
L-Histidine,0.0843887702445829,0.0825667758119021,0.0848833780950314,0.0826927171838875,0.0816617413894602,0.0815193725837956,0.0814577006880515,0.0830959277360517,0.0813333275212948,0.0817917628654057,0.0853284130118855,0.0892801128686511
Shikimic acid,0.0843595377368717,0.0826080214920255,0.0846034625861909,0.0825110826970148,0.0815744366693519,0.0813596615543923,0.0814515673564002,0.0834485768907774,0.0830739079890111,0.0825258763922532,0.085618461113865,0.086865407521846
Dehydroepiandrosterone,0.08459955988623,0.0822029507045529,0.0843562880583091,0.0823144985322091,0.0811548983051663,0.0811414270090207,0.0808120043850933,0.0827406795167128,0.0803647939194113,0.0811408864612392,0.0861058815138832,0.0930661317081721
5-Aminopentanoic acid,0.0844382069919585,0.082409274289966,0.0845051492832677,0.0825113497172512,0.081452945558775,0.0814062856625888,0.0811650554829055,0.0829664510638442,0.081106570045675,0.0815911357989813,0.0857081395971974,0.0907394365075896
Creatinine,0.0845555473274707,0.0829071086571569,0.0840633844708868,0.0820715399729718,0.0820755736418134,0.0824119402963771,0.082223328629373,0.0829380299173744,0.0809834323359836,0.0819358771073387,0.086313293555997,0.0875209440872566
Hepoxilin B3,0.0845681339780555,0.0824478105413518,0.0850505883601624,0.0823842595690877,0.0814277478671061,0.0812720554129684,0.0812745885440512,0.0829361883523379,0.0807518831408699,0.0814508851000676,0.0857683222735225,0.0906675368604192
Ribose 1-phosphate,0.0849259757777003,0.0826133953696541,0.082199892123763,0.083498294569102,0.0818253174078359,0.0828244260052689,0.0807361047672058,0.0830614558607869,0.0807475454886269,0.0815294689018129,0.0867327306304384,0.0893053930978046
Sphingosine 1-phosphate,0.0846153227186334,0.082402064126789,0.0848413906249377,0.0824553693658649,0.081359467056194,0.0811938043635286,0.0810945206178896,0.0829421707254345,0.080674642559905,0.0813655564678012,0.0858133196611495,0.0912423717118725
Phospho-anandamide,0.0845248483991425,0.0824459519415916,0.0848706761481381,0.0825144680373253,0.0814526308956366,0.0813346814544446,0.0812182016390927,0.0829669393895458,0.0808890864798916,0.0814804380455866,0.0856647863492397,0.0906372912203648
Prostaglandin A2,0.0844778203876443,0.0823644686688766,0.0835666261371847,0.0823026674348429,0.0814590635392265,0.081857208323051,0.0810879854843569,0.082777105113571,0.0809128564790865,0.0815001548358941,0.0864371863912959,0.0912568572049697
Geranylgeranyl-PP,0.0843475019888204,0.0826454806417349,0.0848502216176191,0.0828677078035134,0.0817862552129874,0.081624613209347,0.0815531260148568,0.0831767114711798,0.0815059249324542,0.0819096489179115,0.0851210023972993,0.0886118057922764
Prostaglandin B2,0.0843898198974763,0.0829385224376001,0.084839736034656,0.0844737906841606,0.0821995396298301,0.0821812613150101,0.0817146400653765,0.0835943353924943,0.0821170926587523,0.08220993549367,0.0841934343840773,0.0851478920068965
Traumatic Acid,0.0852920017921631,0.0824305505290131,0.0838991383849611,0.0820090176981162,0.0810689900710865,0.0810035431829057,0.0807580649755041,0.0832586427434054,0.0813178848004102,0.0817147870484814,0.0882646179358535,0.0889827608380997
12-Keto-tetrahydro-leukotriene B4,0.0847202023607942,0.0824832241863664,0.0841384955848312,0.0827261917904195,0.0813675000640352,0.0813215055694202,0.0809939975509765,0.0834364078022525,0.0824180945708202,0.0822377429016375,0.0863109380325461,0.0878456995859007
Glyceric acid,0.0844079148823777,0.0823588883321833,0.084304581149662,0.0825276257220485,0.0814306044590688,0.0814600402343443,0.0811138740161098,0.0829254061296999,0.0810912077964982,0.0816122383043912,0.0857596699962587,0.0910079489773575
"14,15-DiHETrE",0.0846843975256953,0.082266085130731,0.0845517590992364,0.0820491749048513,0.0811614549946394,0.0810297019676986,0.0809520092066326,0.0827669493581028,0.0803223247302386,0.0812077353122575,0.0863926493427798,0.0926157584271367
13S-hydroxyoctadecadienoic acid,0.0851043472299896,0.0828810349701536,0.0841845355618518,0.0825470850806918,0.0817740418846099,0.080956525694801,0.0814746469906768,0.0836017257851692,0.0807099251838069,0.0823686345965324,0.086235102593253,0.088162394428464
Deoxyuridine,0.0848504793462181,0.0824715595652287,0.0844969269933051,0.0822651546623097,0.0812133307998522,0.0809994780692099,0.0810090637500552,0.0834371510360678,0.0823588730832558,0.0821841458903392,0.0868180441426061,0.0878957926615522
"12,13-DHOME",0.084455744368063,0.0823945293590151,0.0846766998798814,0.082378202360213,0.0814231223282523,0.0814094852420909,0.0812208346469085,0.082888964535617,0.0809443768088703,0.0815002288998047,0.0858032791473346,0.0909045324239493
